﻿카테고리,메뉴,칼로리(Kcal),당류(g),단백질(g),나트륨(mg),포화지방(g),카페인(mg)
에스프레소,에스프레소 콘 파나,30,1,0,0,1.5,75
에스프레소,에스프레소 마키아또,10,0,1,0,0,75
에스프레소,아이스 카페 아메리카노,10,0,1,5,0,150
에스프레소,카페 아메리카노,10,0,1,5,0,150
에스프레소,아이스 카라멜 마키아또,190,21,6,110,4.6,75
에스프레소,카라멜 마키아또,200,22,8,130,5,75
에스프레소,아이스 카푸치노,115,9,6,90,3.5,75
에스프레소,카푸치노,110,8,6,70,3,75
에스프레소,라벤더 카페 브레베,400,30,8,140,22,105
에스프레소,럼 샷 코르타도,70,8,3,45,1.8,75
에스프레소,바닐라 빈 라떼,245,27,9,150,6,210
에스프레소,블론드 에스프레소 라떼,330,32,11,180,11,91
에스프레소,스타벅스 돌체 라떼,255,39,12,190,2.6,150
에스프레소,아이스 라벤더 카페 브레베,335,27,6,110,18,105
에스프레소,아이스 바닐라 빈 라떼,155,20,5,75,2.9,210
에스프레소,아이스 블론드 에스프레소 라떼,220,23,6,90,8,91
에스프레소,아이스 스타벅스 돌체 라떼,230,35,10,145,2.5,150
에스프레소,아이스 카페 라떼,110,8,6,75,3.5,75
에스프레소,제주 별다방 땅콩 라떼,595,61,15,240,14,150
에스프레소,카페 라떼,180,13,10,115,5,75
에스프레소,아이스 카페 모카,250,21,7,70,8,95
에스프레소,아이스 화이트 초콜릿 모카,260,27,7,75,8,75
에스프레소,카페 모카,290,25,10,105,9,95
에스프레소,화이트 초콜릿 모카,345,35,11,150,11,75
에스프레소,바닐라 플랫 화이트,220,23,9,130,5,260
에스프레소,바닐라 스타벅스 더블 샷,125,14,2,30,4.5,150
에스프레소,블론드 바닐라 더블 샷 마키아또,315,31,8,130,12,170
에스프레소,사케라또 아포가토,290,30,4,70,10,210
에스프레소,스파클링 시트러스 에스프레소,65,15,0,5,0,105
에스프레소,아이스 블론드 바닐라 더블 샷 마키아또,195,22,5,65,6,170
에스프레소,에스프레소,5,0,0,0,0,75
에스프레소,커피 스타벅스 더블 샷,125,14,3,28.5,5,150
에스프레소,클래식 아포가토,240,18,4,70,10,150
에스프레소,헤이즐넛 스타벅스 더블 샷,125,14,3,28.5,5,150
콜드 브루 커피,나이트로 바닐라 크림,75,10,1,20,2,245
콜드 브루 커피,나이트로 콜드 브루,5,0,0,5,0,245
콜드 브루 커피,돌체 콜드 브루,265,29,8,115,9,150
콜드 브루 커피,바닐라 크림 콜드 브루,125,11,3,58,6,150
콜드 브루 커피,벨벳 다크 모카 나이트로,150,17,2,15,6,160
콜드 브루 커피,제주 비자림 콜드 브루,340,44,10,115,8,105
콜드 브루 커피,콜드 브루,5,0,0,11,0,150
콜드 브루 커피,콜드 브루 몰트,510,40,10,147.8,20,150
콜드 브루 커피,콜드 브루 오트 라떼,105,11,1,95,0.3,65
콜드 브루 커피,콜드 브루 플로트,230,18,3,69,10,150
콜드 브루 커피,프렌치 애플 타르트 나이트로,80,19,0,0,0,145
브루드 커피,아이스 커피,5,0,0,10,0,140
브루드 커피,오늘의 커피,5,0,0,10,0,260
프라푸치노,돌체 카라멜 칩 커피 프라푸치노,335,50,4,180,9,85
프라푸치노,더블 에스프레소 칩 프라푸치노,265,31,3,140,11,130
프라푸치노,모카 프라푸치노,280,36,5,180,6,90
프라푸치노,바밀카쿠 프라푸치노,290,31,2,130,13,90
프라푸치노,에스프레소 프라푸치노,145,29,2,115,1.1,120
프라푸치노,자바 칩 프라푸치노,340,42,6,180,9,100
프라푸치노,제주 별다방 땅콩 프라푸치노,495,75,6,220,9,18
프라푸치노,카라멜 프라푸치노,300,39,4,190,7,85
프라푸치노,화이트 초콜릿 모카 프라푸치노,245,38,4,140,6,85
프라푸치노,바닐라 크림 프라푸치노,200,28,4,150,6,0
프라푸치노,제주 까망 크림 프라푸치노,600,79,9,330,7,0
프라푸치노,제주 쑥떡 크림 프라푸치노,460,57,8,250,10,0
프라푸치노,제주 유기농 말차로 만든 크림 프라푸치노,230,28,5,150,7,60
프라푸치노,초콜릿 크림 칩 프라푸치노,300,40,6,160,7,10
프라푸치노,화이트 딸기 크림 프라푸치노,360,54,4,170,11,0
프라푸치노,화이트 타이거 프라푸치노,410,57,5,220,14,0
블렌디드,딸기 레몬 블렌디드,235,53,1,10,0,0
블렌디드,망고 패션 후르츠 블렌디드,120,25,1,70,0,35
블렌디드,딸기 딜라이트 요거트 블렌디드,370,57,9,105,4.3,0
블렌디드,망고 바나나 블렌디드,270,48,4,110,1,0
블렌디드,민트 초콜릿 칩 블렌디드,455,52,9,180,14,0
블렌디드,제주 천혜향 블랙 티 블렌디드,370,87,1,20,0,15
블렌디드,피치 & 레몬 블렌디드,190,27,0,45,0,0
스타벅스 피지오,블랙 티 레모네이드 피지오,65,17,0,0,0,30
스타벅스 피지오,쿨 라임 피지오,105,26,0,20,0,110
스타벅스 피지오,패션 탱고 티 레모네이드 피지오,65,17,0,0.2,0,0
티(타바나),스타벅스 파인애플 선셋 아이스 티,175,34,0,10,0.1,0
티(타바나),라임 패션 티,140,35,0,25,0,150
티(타바나),민트 블렌드 티,0,0,0,0,0,0
티(타바나),별궁 오미자 유스베리 티,175,38,0,0,0.1,25
티(타바나),아이스 라임 패션 티,90,22,0,15,0,93
티(타바나),아이스 민트 블렌드 티,0,0,0,0,0,0
티(타바나),아이스 얼 그레이 티,0,0,0,0,0,50
티(타바나),아이스 유스베리 티,0,0,0,0,0,20
티(타바나),아이스 유자 민트 티,145,37,0,5,0,0
티(타바나),아이스 잉글리쉬 브렉퍼스트 티,0,0,0,0,0,40
티(타바나),아이스 제주 유기 녹차,0,0,0,0,0,16
티(타바나),아이스 캐모마일 블렌드 티,0,0,0,0,0,0
티(타바나),아이스 히비스커스 블렌드 티,0,0,0,0,0,0
티(타바나),얼 그레이 티,0,0,0,0,0,70
티(타바나),유스베리 티,0,0,0,0,0,20
티(타바나),유자 민트 티,235,58,0,10,0,0
티(타바나),잉글리쉬 브렉퍼스트 티,0,0,0,0,0,70
티(타바나),자몽 허니 블랙 티,125,30,0,5,0,70
티(타바나),제주 유기 녹차,0,0,0,0,0,16
티(타바나),캐모마일 블렌드 티,0,0,0,0,0,0
티(타바나),패션 푸르트 티,180,41,0,5,0,0
티(타바나),피치 젤리 티,190,21,0,65,0,70
티(타바나),히비스커스 블렌드 티,0,0,0,0,0,0
티(타바나),아이스 별궁 오미자 유스베리 티,175,38,0,0,0.1,15
티(타바나),아이스 자몽 허니 블랙 티,125,30,0,5,0,30
티(타바나),아이스 패션 푸르트 티,155,34,0,5,0,0
티(타바나),아이스 푸를 청귤 민트 티,205,48,0,30,0,0
티(타바나),피치 젤리 아이스 티,120,13,0,40,0,30
티(타바나),돌체 블랙 밀크 티,250,34,8,110,5,60
티(타바나),아이스 돌체 블랙 밀크 티,210,31,6,80,3.7,35
티(타바나),아이스 제주 유기농 말차로 만든 라떼,155,16,6,95,3.6,60
티(타바나),아이스 차이 티 라떼,190,31,5,70,3,70
티(타바나),아이스 콩고물 블랙 밀크 티,235,36,5,140,3.4,100
티(타바나),제주 유기농 말차로 만든 라떼,205,20,9,130,5,60
티(타바나),차이 티 라떼,200,31,6,70,3,70
티(타바나),콩고물 블랙 밀크 티,235,36,5,140,3.4,150
기타 제조 음료,시그니처 핫 초콜릿,500,52,15,105,9,15
기타 제조 음료,아이스 시그니처 초콜릿,325,32,10,70,7,15
기타 제조 음료,플러피 판다 아이스 초콜릿,415,39,11,150,16,20
기타 제조 음료,플러피 판다 핫 초콜릿,470,48,12,160,17,30
기타 제조 음료,라임 플로터 위드 리저브 CB 샷,90,20,1,5,0,60
기타 제조 음료,스타벅스 슬래머,235,55,0,0,0,0
기타 제조 음료,스팀 우유,215,18,13,173,7,0
기타 제조 음료,아이스 제주 까망 라떼,440,45,10,210,11,0
기타 제조 음료,오렌지 플로터 위드 리저브 CB 샷,105,27,0,5,0,60
기타 제조 음료,우유,240,18,12,200,8,0
기타 제조 음료,제주 까망 라떼,445,49,13,250,7,0
기타 제조 음료,제주 쑥쑥 라떼,425,50,16,210,9,0
기타 제조 음료,제주 청귤 레모네이드,235,56,0,30,0,0
